"Address","Zip","MMWR_Year","total_calls"
"301 BROADWAY",37201,2025,3
"2753 WINDCREST TRL",37013,2025,2
"1ST AVE N & BROADWAY",37201,2025,3
"2420 MUSIC VALLEY DR",37214,2025,2
"300 E WEBSTER ST",37115,2025,10
"2940 DICKERSON PIKE",37207,2025,3
"391 WALLACE RD",37211,2025,5
"1232 FOSTER AVE",37210,2025,2
"116 REP JOHN LEWIS WAY N",37219,2025,4
"701 DICKERSON PIKE",37207,2025,3
"238 LARGO DR",37211,2025,2
"200 JAMES ROBERTSON PKWY",37201,2025,38
"1012 GALLATIN PIKE S",37115,2025,5
"7250 WHITES CREEK PIKE",37080,2025,3
"595 HICKS RD",37221,2025,2
"1ST AVE N & BROADWAY",37201,2025,3
"1818 ALBION ST",37208,2025,2
"329 BROADWAY",37201,2025,11
"5055 BROADWAY PL",37203,2025,4
"329 BROADWAY",37201,2025,11
"409 BROADWAY",37203,2025,3
"2008 ZERMATT AVE",37211,2025,2
"275 CUMBERLAND BND",37228,2025,5
"6TH AVE S & PEABODY ST",37203,2025,2
"7102 CHARLOTTE PIKE",37209,2025,2
"935 ALLEN RD",37214,2025,2
"5055 BROADWAY PL",37203,2025,4
"400 DR MARTIN L KING JR BLVD(WEGO)",37219,2025,2
"511 BOUNTY DR",37210,2025,2
"401 UNION ST",37219,2025,3
"LINCOLN ST & LAFAYETTE ST",37210,2025,4
"400 DR MARTIN L KING JR BLVD",37219,2025,44
"631 DICKERSON PIKE",37207,2025,2
"3939 APACHE TRL",37013,2025,4
"7475 COCKRILL BEND BLVD",37209,2025,5
"639 LAFAYETTE ST",37203,2025,24
"3230 BRICK CHURCH PIKE",37207,2025,12
"7044 CHARLOTTE PIKE",37209,2025,2
"7475 COCKRILL BEND BLVD",37209,2025,5
"637 SYLVAN ST",37206,2025,2
"472 TIMMONS ST",37211,2025,2
"705 DREXEL ST",37203,2025,9
"5113 HARDING PL",37211,2025,7
"3389 MIMOSA DR",37211,2025,19
"821 SHELBY AVE",37206,2025,2
"7475 COCKRILL BEND BLVD",37209,2025,5
"1909 8TH AVE S",37203,2025,3
"341 MONACO DR",37076,2025,2
"6900 LENOX VILLAGE DR",37211,2025,3
"307 BROADWAY",37201,2025,5
"601 KOREAN VETERANS BLVD",37203,2025,2
"409 CLAYMILLE CT",37207,2025,2
"1111 BELL RD",37013,2025,6
"711 GALLATIN AVE",37206,2025,3
"1111 BELL RD",37013,2025,6
"2406 ELM HILL PIKE",37214,2025,2
"3150 MCGAVOCK PIKE",37214,2025,3
"2521 CLARKSVILLE PIKE",37208,2025,3
"344 BELL RD",37217,2025,3
"765 BELL RD",37013,2025,3
"1384 14TH AVE S",37212,2025,2
"97 WALLACE RD",37211,2025,14
"2008 ZERMATT AVE",37211,2025,2
"4040 NOLENSVILLE PIKE",37211,2025,4
"1414 4TH AVE N",37208,2025,2
"122 LIBERTY LN",37115,2025,3
"3001 WEST END AVE",37212,2025,2
"2403 BRICK CHURCH PIKE",37207,2025,5
"7000 HARRIS HILLS LN",37013,2025,2
"1 MUSIC SQ W",37203,2025,2
"180 ANTHES DR",37210,2025,3
"1151 DEFORD BAILEY AVE",37203,2025,3
"957 BLANK ST",37208,2025,2
"1310 ELLISTON ST",37138,2025,3
"709 REP JOHN LEWIS WAY S",37203,2025,15
"NAVAL HILL SHELTER 2",37206,2025,2
"3230 BRICK CHURCH PIKE",37207,2025,12
"705 DREXEL ST",37203,2025,9
"2828 OLD HICKORY BLVD",37221,2025,3
"329 BROADWAY",37201,2025,11
"9222 SAWYER BROWN RD",37221,2025,2
"1755 DR D B TODD JR BLVD",37208,2025,4
"1716 ROSA L PARKS BLVD",37208,2025,11
"N HILL ST & LEWIS ST",37210,2025,2
"10 FAIRFIELD AVE",37210,2025,5
"301 28TH AVE N",37203,2025,7
"611 CHARLES E DAVIS BLVD",37210,2025,2
"200 JAMES ROBERTSON PKWY",37201,2025,38
"123 EWING DR",37207,2025,2
"1404 BROADWAY",37203,2025,4
"410 METROPLEX DR",37211,2025,2
"3130 CLARKSVILLE PIKE",37218,2025,3
"3230 BRICK CHURCH PIKE",37207,2025,12
"307 BROADWAY",37201,2025,5
"591 N DUPONT AVE",37115,2025,12
"5824 NOLENSVILLE PIKE",37211,2025,3
"591 N DUPONT AVE",37115,2025,12
"3230 BRICK CHURCH PIKE",37207,2025,12
"1400 EAGLE VIEW BLVD",37013,2025,4
"727 BELL RD",37013,2025,5
"929 AIRPORT SERVICE RD",37214,2025,5
"7657 HIGHWAY 70 S",37221,2025,2
"6001 OLD HICKORY BLVD",37076,2025,5
"4960 EDMONDSON PIKE",37211,2025,2
"1319 QUAIL VALLEY RD",37214,2025,2
"555 N DUPONT AVE",37115,2025,2
"2802 NOLENSVILLE PIKE",37210,2025,15
"1598 CRESTVIEW DR",37115,2025,2
"2652 WOODBERRY DR",37214,2025,2
"3939 APACHE TRL",37013,2025,4
"3800 SAM BONEY DR",37211,2025,2
"135 GALLATIN PIKE S",37115,2025,2
"365 RIO VISTA DR",37115,2025,16
"2499 MURFREESBORO PIKE",37013,2025,3
"301 28TH AVE N",37203,2025,7
"1125 4TH AVE S",37203,2025,4
"570 CHURCH ST E",37027,2025,2
"909 CONFERENCE DR",37072,2025,2
"709 REP JOHN LEWIS WAY S",37203,2025,15
"1414 4TH AVE N",37208,2025,2
"1631 ELM HILL PIKE",37210,2025,2
"1 MUSIC SQ W",37203,2025,2
"300 GREAT CIRCLE RD",37228,2025,2
"400 DR MARTIN L KING JR BLVD",37219,2025,44
"3301 CREEKWOOD DR",37207,2025,5
"3140 HAMILTON CHURCH RD",37013,2025,2
"709 REP JOHN LEWIS WAY S",37203,2025,15
"400 DR MARTIN L KING JR BLVD",37219,2025,44
"665 MYATT DR",37115,2025,7
"311 RACHEL RD",37214,2025,6
"2300 OLD MATTHEWS RD",37207,2025,3
"122 LIBERTY LN",37115,2025,3
"909 CONFERENCE DR",37072,2025,2
"227 SHELBY AVE",37213,2025,6
"1111 BROADWAY",37203,2025,3
"132 LAFAYETTE ST",37210,2025,3
"2603 WEST END AVE",37203,2025,2
"402 22ND AVE N",37203,2025,3
"400 DR MARTIN L KING JR BLVD",37219,2025,44
"719 THOMPSON LN",37204,2025,3
"1601 23RD AVE S",37212,2025,9
"2901 JOHN A MERRITT BLVD",37209,2025,9
"400 DR MARTIN L KING JR BLVD",37219,2025,44
"N HILL ST & LEWIS ST",37210,2025,2
"400 DR MARTIN L KING JR BLVD",37219,2025,44
"3737 BELL RD",37214,2025,2
"704 BRENTWOOD PL",37211,2025,3
"BUCHANAN ST & DR D B TODD JR BLVD",37208,2025,2
"114 HILLCREST DR",37115,2025,2
"218 CHARLES E DAVIS BLVD",37210,2025,2
"329 BROADWAY",37201,2025,11
"837 CLAIBORNE ST",37210,2025,2
"837 CLAIBORNE ST",37210,2025,2
"5001 LINBAR DR",37211,2025,6
"110 JO JOHNSTON AVE",37201,2025,4
"1211 BELL RD",37013,2025,3
"5119 HARDING PL",37211,2025,6
"2802 NOLENSVILLE PIKE",37210,2025,15
"2340 ELM HILL PIKE",37214,2025,2
"384 THOMPSON LN",37210,2025,2
"400 DR MARTIN L KING JR BLVD",37219,2025,44
"401 WALTON LN",37216,2025,3
"110 NORTHGATE DR",37072,2025,4
"1150 HUNTERS LN",37207,2025,3
"410 S 5TH ST",37206,2025,6
"3200 CLARKSVILLE PIKE",37218,2025,2
"709 REP JOHN LEWIS WAY S",37203,2025,15
"700 3RD AVE S",37210,2025,2
"W TRINITY LN & HORIZON DR",37207,2025,2
"3181 STONEYBROOK CIR",37013,2025,3
"400 DR MARTIN L KING JR BLVD",37219,2025,44
"711 GALLATIN AVE",37206,2025,3
"3020 FERNBROOK LN",37214,2025,2
"116 REP JOHN LEWIS WAY N",37219,2025,4
"412 BROADWAY",37203,2025,2
"400 DR MARTIN L KING JR BLVD",37219,2025,44
"903 FAIRWIN AVE",37216,2025,7
"705 DREXEL ST",37203,2025,9
"608 BLUE LAKE TRL",37013,2025,2
"130 W TRINITY LN",37207,2025,6
"1601 23RD AVE S",37212,2025,9
"132 LAFAYETTE ST",37210,2025,3
"911 AIRPORT CENTER DR",37214,2025,2
"850 RICHARDS RD",37013,2025,4
"1601 23RD AVE S",37212,2025,9
"821 SHELBY AVE",37206,2025,2
"384 THOMPSON LN",37210,2025,2
"2700 WEST END AVE",37203,2025,2
"400 DR MARTIN L KING JR BLVD",37219,2025,44
"1501 DEMONBREUN ST",37203,2025,4
"250 CUMBERLAND BND",37228,2025,11
"3855 BELL RD",37076,2025,2
"1419 ROSA L PARKS BLVD",37208,2025,2
"665 MYATT DR",37115,2025,7
"1277 ANTIOCH PIKE",37211,2025,2
"3001 WEST END AVE",37212,2025,2
"2800 OPRYLAND DR",37214,2025,4
"711 UNION ST",37203,2025,2
"255 OLD HICKORY BLVD",37221,2025,2
"700 DEW ST",37206,2025,3
"615 CHURCH ST",37219,2025,2
"500 MAIN ST",37206,2025,2
"10 PUBLIC SQ",37201,2025,3
"600 CREATIVE WAY",37115,2025,2
"94 BERKLEY DR",37115,2025,3
"400 DR MARTIN L KING JR BLVD",37219,2025,44
"805 AIRWAYS CIR",37214,2025,2
"401 MYATT DR",37115,2025,2
"2521 ELM HILL PIKE",37214,2025,2
"2901 JOHN A MERRITT BLVD",37209,2025,9
"913 GALLATIN PIKE S",37115,2025,2
"7657 HIGHWAY 70 S",37221,2025,2
"2802 NOLENSVILLE PIKE",37210,2025,15
"6900 LENOX VILLAGE DR",37211,2025,3
"3230 BRICK CHURCH PIKE",37207,2025,12
"3230 BRICK CHURCH PIKE",37207,2025,12
"400 DR MARTIN L KING JR BLVD",37219,2025,44
"2514 JEFFERSON ST",37208,2025,3
"2420 MUSIC VALLEY DR",37214,2025,2
"2611 CLARKSVILLE PIKE",37208,2025,3
"665 MYATT DR",37115,2025,7
"301 28TH AVE N",37203,2025,7
"420 MURFREESBORO PIKE",37210,2025,7
"5301 HICKORY HOLLOW LN",37013,2025,2
"2539 26TH AVE N",37208,2025,3
"1818 ALBION ST",37208,2025,2
"3230 BRICK CHURCH PIKE",37207,2025,12
"408 2ND AVE N",37201,2025,2
"903 FAIRWIN AVE",37216,2025,7
"269 WHITE BRIDGE PIKE",37209,2025,2
"5113 HARDING PL",37211,2025,7
"5113 HARDING PL",37211,2025,7
"269 WHITE BRIDGE PIKE",37209,2025,2
"1501 HERMAN ST",37208,2025,2
"727 BELL RD",37013,2025,5
"2400 BUENA VISTA PIKE",37218,2025,3
"3001 LEBANON PIKE",37214,2025,2
"211 BROADWAY",37201,2025,5
"LEWIS ST & PERKINS ST",37210,2025,4
"3230 BRICK CHURCH PIKE",37207,2025,12
"3230 BRICK CHURCH PIKE",37207,2025,12
"1 TERMINAL DR",37214,2025,4
"830 GLASTONBURY RD",37217,2025,3
"200 JAMES ROBERTSON PKWY",37201,2025,38
"329 BROADWAY",37201,2025,11
"805 AIRWAYS CIR",37214,2025,2
"601 GALLATIN PIKE N",37115,2025,2
"727 BELL RD",37013,2025,5
"2824 CREEKVIEW DR",37217,2025,2
"1310 ELLISTON ST",37138,2025,3
"200 JAMES ROBERTSON PKWY",37201,2025,38
"1900 HOBSON PIKE",37013,2025,3
"3001 LEBANON PIKE",37214,2025,2
"135 GALLATIN PIKE S",37115,2025,2
"8020 MCCRORY LN",37221,2025,2
"1205 ROBINSON RD",37138,2025,3
"709 REP JOHN LEWIS WAY S",37203,2025,15
"121 4TH AVE S",37203,2025,8
"4820 FRANKLIN PIKE",37220,2025,2
"511 S 8TH ST",37206,2025,6
"321 ELM ST",37115,2025,2
"6700 CABOT DR",37209,2025,2
"4154 LEBANON PIKE",37076,2025,2
"3437 PERCY PRIEST DR",37214,2025,3
"1100 AIRPORT CENTER DR",37214,2025,2
"704 BRENTWOOD PL",37211,2025,3
"1110 BELL RD",37013,2025,2
"420 METROPLEX DR",37211,2025,10
"3437 PERCY PRIEST DR",37214,2025,3
"WALLACE RD & NOLENSVILLE PIKE",37211,2025,2
"MIDDLETON ST & HERMITAGE AVE",37210,2025,2
"660 BELL RD",37013,2025,2
"8664 POPLAR CREEK RD",37221,2025,2
"200 JAMES ROBERTSON PKWY",37201,2025,38
"3181 STONEYBROOK CIR",37013,2025,3
"2027 ED TEMPLE BLVD",37208,2025,4
"2945 BRICK CHURCH PIKE",37207,2025,4
"300 KATE ST",37115,2025,5
"5115 HARDING PL",37211,2025,5
"329 BROADWAY",37201,2025,11
"400 BROADWAY",37203,2025,2
"130 W TRINITY LN",37207,2025,6
"308 BROADWAY",37219,2025,3
"3230 BRICK CHURCH PIKE",37207,2025,12
"3230 BRICK CHURCH PIKE",37207,2025,12
"5115 HARDING PL",37211,2025,5
"400 DR MARTIN L KING JR BLVD",37219,2025,44
"3230 BRICK CHURCH PIKE",37207,2025,12
"1100 HAMMAN HILL LN",37211,2025,2
"250 CUMBERLAND BND",37228,2025,11
"1100 HAMMAN HILL LN",37211,2025,2
"3110 NOLENSVILLE PIKE",37211,2025,5
"850 RICHARDS RD",37013,2025,4
"200 JAMES ROBERTSON PKWY",37201,2025,38
"1000 ST LUKE DR",37205,2025,2
"1 TERMINAL DR",37214,2025,4
"4820 FRANKLIN PIKE",37220,2025,2
"1714 SEIFRIED ST",37208,2025,2
"608 MCGAVOCK PIKE",37214,2025,2
"200 GALLATIN PIKE S",37115,2025,4
"405 S 4TH ST",37206,2025,4
"1271 ANTIOCH PIKE",37211,2025,4
"420 MURFREESBORO PIKE",37210,2025,7
"101 FACTORY ST",37210,2025,3
"5771 NOLENSVILLE PIKE",37211,2025,4
"130 W TRINITY LN",37207,2025,6
"311 HARDING PL",37211,2025,2
"420 METROPLEX DR",37211,2025,10
"200 JAMES ROBERTSON PKWY",37201,2025,38
"3301 CREEKWOOD DR",37207,2025,5
"3940 APACHE TRL",37013,2025,3
"511 BOUNTY DR",37210,2025,2
"101 GALLATIN PIKE N",37115,2025,2
"DICKERSON PIKE & EWING DR",37207,2025,2
"276 WHITE BRIDGE PIKE",37209,2025,3
"639 LAFAYETTE ST",37203,2025,24
"110 NORTHGATE DR",37072,2025,4
"365 RIO VISTA DR",37115,2025,16
"704 BRENTWOOD PL",37211,2025,3
"275 CUMBERLAND BND",37228,2025,5
"200 JAMES ROBERTSON PKWY",37201,2025,38
"709 REP JOHN LEWIS WAY S",37203,2025,15
"2901 JOHN A MERRITT BLVD",37209,2025,9
"400 DR MARTIN L KING JR BLVD",37219,2025,44
"510 HERITAGE DR",37115,2025,2
"105 OAK VALLEY DR",37207,2025,6
"BUCHANAN ST & DR D B TODD JR BLVD",37208,2025,2
"205 CANEEL CV",37076,2025,2
"893 MURFREESBORO PIKE",37217,2025,5
"PERKINS ST & LEWIS ST",37210,2025,3
"84 LESTER AVE",37210,2025,6
"1598 CRESTVIEW DR",37115,2025,2
"420 CROLEY DR",37209,2025,2
"400 DR MARTIN L KING JR BLVD",37219,2025,44
"719 THOMPSON LN",37204,2025,3
"104 DOWNWIND CT",37217,2025,2
"1400 EAGLE VIEW BLVD",37013,2025,4
"5115 HARDING PL",37211,2025,5
"701 DICKERSON PIKE",37207,2025,3
"3918 DICKERSON PIKE",37207,2025,2
"400 DR MARTIN L KING JR BLVD",37219,2025,44
"121 4TH AVE S",37203,2025,8
"5800 MAUDINA AVE",37209,2025,4
"606 N DUPONT AVE",37115,2025,3
"800 MONROE ST",37208,2025,2
"7044 CHARLOTTE PIKE",37209,2025,2
"1809 ANTIOCH PIKE",37013,2025,3
"705 DREXEL ST",37203,2025,9
"94 BERKLEY DR",37115,2025,3
"8664 POPLAR CREEK RD",37221,2025,2
"1809 ANTIOCH PIKE",37013,2025,3
"200 JAMES ROBERTSON PKWY",37201,2025,38
"126 3RD AVE N",37201,2025,2
"1210 MURFREESBORO PIKE",37217,2025,6
"276 WHITE BRIDGE PIKE",37209,2025,3
"3049 DICKERSON PIKE",37207,2025,2
"300 E WEBSTER ST",37115,2025,10
"275 CUMBERLAND BND",37228,2025,5
"705 DREXEL ST",37203,2025,9
"5055 BROADWAY PL",37203,2025,4
"116 REP JOHN LEWIS WAY N",37219,2025,4
"1902 DICKERSON PIKE",37207,2025,5
"1110 BELL RD",37013,2025,2
"910 EXCHANGE LN",37203,2025,3
"97 WALLACE RD",37211,2025,14
"3301 CREEKWOOD DR",37207,2025,5
"3437 PERCY PRIEST DR",37214,2025,3
"800 MONROE ST",37208,2025,2
"570 CHURCH ST E",37027,2025,2
"3056 DICKERSON PIKE",37207,2025,6
"3800 SAM BONEY DR",37211,2025,2
"5119 HARDING PL",37211,2025,6
"837 BRILEY PKWY",37217,2025,10
"903 BLANK ST",37208,2025,2
"199 ANTHES DR",37210,2025,4
"511 S 8TH ST",37206,2025,6
"2401 LAKESHORE DR",37138,2025,3
"2300 OLD MATTHEWS RD",37207,2025,3
"180 ANTHES DR",37210,2025,3
"6700 CABOT DR",37209,2025,2
"400 DR MARTIN L KING JR BLVD",37219,2025,44
"2284 MURFREESBORO PIKE",37217,2025,2
"5099 LINBAR DR",37211,2025,2
"639 LAFAYETTE ST",37203,2025,24
"1705 JENKINS ST",37208,2025,2
"221 BROADWAY",37201,2025,8
"118 EMMITT AVE",37115,2025,4
"1400 EAGLE VIEW BLVD",37013,2025,4
"1400 EAGLE VIEW BLVD",37013,2025,4
"412 METROPLEX DR",37211,2025,2
"409 BROADWAY",37203,2025,3
"800 19TH AVE S",37203,2025,2
"300 KATE ST",37115,2025,5
"400 DR MARTIN L KING JR BLVD",37219,2025,44
"400 DR MARTIN L KING JR BLVD",37219,2025,44
"1800 JEFFERSON ST",37208,2025,3
"221 BROADWAY",37201,2025,8
"118 EMMITT AVE",37115,2025,4
"5188 SINGING HILLS DR",37013,2025,2
"205 CANEEL CV",37076,2025,2
"5188 SINGING HILLS DR",37013,2025,2
"7439 HIGHWAY 70 S",37221,2025,2
"2802 NOLENSVILLE PIKE",37210,2025,15
"400 BROADWAY",37203,2025,2
"400 DR MARTIN L KING JR BLVD(WEGO)",37219,2025,2
"400 DR MARTIN L KING JR BLVD",37219,2025,44
"3110 ELM HILL PIKE",37214,2025,3
"717 SPENCE LN",37217,2025,11
"903 FAIRWIN AVE",37216,2025,7
"2634 MURFREESBORO PIKE",37217,2025,3
"365 RIO VISTA DR",37115,2025,16
"200 JAMES ROBERTSON PKWY",37201,2025,38
"2027 ED TEMPLE BLVD",37208,2025,4
"808 SKYLINE RIDGE DR",37115,2025,2
"2340 ELM HILL PIKE",37214,2025,2
"700 DEW ST",37206,2025,3
"600 WHISPERING HILLS DR",37211,2025,4
"515 METROPLEX DR",37211,2025,5
"3430 PERCY PRIEST DR",37214,2025,3
"3117 BATAVIA ST",37209,2025,2
"3110 ELM HILL PIKE",37214,2025,3
"433 GAY ST",37201,2025,7
"365 RIO VISTA DR",37115,2025,16
"218 CHARLES E DAVIS BLVD",37210,2025,2
"370 WALLACE RD",37211,2025,5
"522 GLASTONBURY RD",37217,2025,2
"5600 COUNTRY DR",37211,2025,5
"1205 ROBINSON RD",37138,2025,3
"3021 DICKERSON PIKE",37207,2025,2
"3458 DICKERSON PIKE",37207,2025,6
"400 DR MARTIN L KING JR BLVD",37219,2025,44
"3458 DICKERSON PIKE",37207,2025,6
"300 E WEBSTER ST",37115,2025,10
"123 2ND AVE S",37201,2025,9
"707 CHEYENNE BLVD",37115,2025,3
"400 DR MARTIN L KING JR BLVD",37219,2025,44
"555 N DUPONT AVE",37115,2025,2
"401 UNION ST",37219,2025,3
"200 JAMES ROBERTSON PKWY",37201,2025,38
"14 CLAIBORNE ST",37210,2025,2
"2539 26TH AVE N",37208,2025,3
"1012 GALLATIN PIKE S",37115,2025,5
"7102 CHARLOTTE PIKE",37209,2025,2
"2827 SMITH SPRINGS RD",37217,2025,2
"3117 BATAVIA ST",37209,2025,2
"2537 26TH AVE N",37208,2025,2
"4035 NOLENSVILLE PIKE",37211,2025,2
"4442 LEBANON PIKE",37076,2025,2
"1404 BROADWAY",37203,2025,4
"1414 PRINCETON PL",37076,2025,2
"1601 23RD AVE S",37212,2025,9
"100 CHIMNEYTOP DR",37013,2025,2
"12848 OLD HICKORY BLVD",37013,2025,2
"2700 WEST END AVE",37203,2025,2
"311 W TRINITY LN",37207,2025,4
"2537 26TH AVE N",37208,2025,2
"930 INDUSTRIAL DR",37138,2025,3
"3300 DICKERSON PIKE",37207,2025,2
"117 CHARLES E DAVIS BLVD",37210,2025,3
"227 SHELBY AVE",37213,2025,6
"3150 MCGAVOCK PIKE",37214,2025,3
"100 CURTIS HOLLOW RD",37013,2025,3
"5001 LINBAR DR",37211,2025,6
"3819 E RIDGE DR",37211,2025,3
"1151 DEFORD BAILEY AVE",37203,2025,3
"355 E CEDAR ST",37072,2025,3
"GALLATIN PIKE S & HARRINGTON AVE",37115,2025,2
"331 PLUS PARK BLVD",37217,2025,11
"1250 ROBINSON RD",37138,2025,2
"100 ROBERT CARTWRIGHT DR",37072,2025,2
"1108 MURFREESBORO PIKE",37217,2025,4
"810 17TH AVE N",37208,2025,2
"913 GALLATIN PIKE S",37115,2025,2
"1809 ANTIOCH PIKE",37013,2025,3
"WALLACE RD & NOLENSVILLE PIKE",37211,2025,2
"3300 DICKERSON PIKE",37207,2025,2
"3056 DICKERSON PIKE",37207,2025,6
"1911 DIVISION ST",37203,2025,3
"100 BROADWAY",37201,2025,2
"2403 BRICK CHURCH PIKE",37207,2025,5
"601 KOREAN VETERANS BLVD",37203,2025,2
"411 MURFREESBORO PIKE",37210,2025,5
"110 GALLATIN AVE",37206,2025,2
"105 OAK VALLEY DR",37207,2025,6
"639 LAFAYETTE ST",37203,2025,24
"716 LEWIS ST",37210,2025,2
"500 HILLSIDE CT",37203,2025,3
"574 WATSONWOOD DR",37211,2025,2
"200 JAMES ROBERTSON PKWY",37201,2025,38
"2800 OPRYLAND DR",37214,2025,4
"212 BROADWAY",37201,2025,2
"420 METROPLEX DR",37211,2025,10
"97 WALLACE RD",37211,2025,14
"5824 NOLENSVILLE PIKE",37211,2025,3
"2258 LEBANON PIKE",37214,2025,3
"819 GALLATIN PIKE S",37115,2025,2
"591 N DUPONT AVE",37115,2025,12
"5000 MOUNTAIN SPRINGS RD",37013,2025,2
"5781 OLD HICKORY BLVD",37076,2025,2
"321 ELM ST",37115,2025,2
"221 STEWARTS FERRY PIKE",37214,2025,2
"574 WATSONWOOD DR",37211,2025,2
"830 GLASTONBURY RD",37217,2025,3
"1150 HUNTERS LN",37207,2025,3
"NOLENSVILLE PIKE & THOMPSON LN",37211,2025,5
"307 BROADWAY",37201,2025,5
"910 EXCHANGE LN",37203,2025,3
"307 BROADWAY",37201,2025,5
"250 CUMBERLAND BND",37228,2025,11
"101 GALLATIN PIKE N",37115,2025,2
"2924 TORBETT ST",37209,2025,2
"340 HARDING PL",37211,2025,6
"115 2ND AVE N",37201,2025,2
"3043 NOLENSVILLE PIKE",37211,2025,5
"6001 OLD HICKORY BLVD",37076,2025,5
"272 LARGO DR",37211,2025,2
"831 GLASTONBURY RD",37217,2025,5
"5301 HICKORY HOLLOW LN",37013,2025,2
"1622 14TH AVE N",37208,2025,2
"W TRINITY LN & HORIZON DR",37207,2025,2
"410 S 5TH ST",37206,2025,6
"3056 DICKERSON PIKE",37207,2025,6
"2415 MCGAVOCK PIKE",37214,2025,2
"2403 BRICK CHURCH PIKE",37207,2025,5
"272 LARGO DR",37211,2025,2
"100 COLEY DAVIS CT",37221,2025,2
"4042 SHURGARD WAY",37076,2025,2
"1121 BELL RD",37013,2025,4
"100 WOODLAND ST",37213,2025,3
"5272 CANE RIDGE RD",37013,2025,3
"365 RIO VISTA DR",37115,2025,16
"3051 FRANKLIN PIKE",37204,2025,4
"731 HARDING PL",37220,2025,2
"837 BRILEY PKWY",37217,2025,10
"100 BROADWAY",37201,2025,2
"1205 ROBINSON RD",37138,2025,3
"221 WILEY ST",37115,2025,5
"1324 11TH AVE S",37203,2025,2
"3051 FRANKLIN PIKE",37204,2025,4
"276 WHITE BRIDGE PIKE",37209,2025,3
"1618 17TH AVE S",37212,2025,2
"1411 INDIAN WOODS DR",37115,2025,2
"110 3RD AVE S",37201,2025,2
"2940 DICKERSON PIKE",37207,2025,3
"825 DICKERSON PIKE S",37072,2025,2
"577 DONELSON PIKE",37214,2025,2
"3130 CLARKSVILLE PIKE",37218,2025,3
"3715 FOLKSTONE DR",37013,2025,2
"433 GAY ST",37201,2025,7
"1111 BELL RD",37013,2025,6
"59 CARROLL ST",37210,2025,2
"425 REP JOHN LEWIS WAY S",37203,2025,4
"1419 ROSA L PARKS BLVD",37208,2025,2
"1411 INDIAN WOODS DR",37115,2025,2
"2136 CLIFF DR",37218,2025,2
"340 HARDING PL",37211,2025,6
"903 FAIRWIN AVE",37216,2025,7
"143 UNIVERSITY CT",37210,2025,2
"2906 10TH AVE S",37204,2025,2
"308 BROADWAY",37219,2025,3
"3312 DICKERSON PIKE",37207,2025,2
"606 N DUPONT AVE",37115,2025,3
"5115 HARDING PL",37211,2025,5
"3RD AVE S & DEMONBREUN ST",37201,2025,2
"5600 CHARLOTTE PIKE",37209,2025,2
"2539 26TH AVE N",37208,2025,3
"1090 MURFREESBORO PIKE",37217,2025,2
"275 CUMBERLAND BND",37228,2025,5
"1150 HUNTERS LN",37207,2025,3
"1 TERMINAL DR",37214,2025,4
"LEWIS ST & PERKINS ST",37210,2025,4
"601 PRESIDENT RONALD REAGAN WAY",37210,2025,3
"10 FAIRFIELD AVE",37210,2025,5
"5101 LINBAR DR",37211,2025,2
"709 REP JOHN LEWIS WAY S",37203,2025,15
"2410 MUSIC VALLEY DR",37214,2025,5
"9222 SAWYER BROWN RD",37221,2025,2
"511 S 8TH ST",37206,2025,6
"250 CUMBERLAND BND",37228,2025,11
"3049 DICKERSON PIKE",37207,2025,2
"1104 ROSA L PARKS BLVD",37208,2025,2
"1308 S HAMPTON CT",37013,2025,2
"304 LONG HOLLOW PIKE",37072,2025,2
"365 HARDING PL",37211,2025,3
"1716 ROSA L PARKS BLVD",37208,2025,11
"2924 TORBETT ST",37209,2025,2
"250 CUMBERLAND BND",37228,2025,11
"344 BELL RD",37217,2025,3
"1631 ELM HILL PIKE",37210,2025,2
"919 N 12TH ST",37206,2025,2
"305 W TRINITY LN",37207,2025,3
"2311 BRICK CHURCH PIKE",37207,2025,3
"409 BROADWAY",37203,2025,3
"111 4TH AVE S",37203,2025,2
"120 3RD AVE S",37201,2025,2
"411 BROADWAY",37203,2025,2
"3181 STONEYBROOK CIR",37013,2025,3
"1902 DICKERSON PIKE",37207,2025,5
"3715 FOLKSTONE DR",37013,2025,2
"3200 DICKERSON PIKE",37207,2025,3
"1755 DR D B TODD JR BLVD",37208,2025,4
"919 N 12TH ST",37206,2025,2
"1800 JEFFERSON ST",37208,2025,3
"714 DUE WEST AVE N",37115,2025,2
"1125 4TH AVE S",37203,2025,4
"2921 OLD FRANKLIN RD",37013,2025,2
"591 N DUPONT AVE",37115,2025,12
"3301 CREEKWOOD DR",37207,2025,5
"2801 JOHN A MERRITT BLVD",37209,2025,4
"391 WALLACE RD",37211,2025,5
"7250 WHITES CREEK PIKE",37080,2025,3
"200 JAMES ROBERTSON PKWY",37201,2025,38
"5353 CANE RIDGE RD",37013,2025,2
"2027 ED TEMPLE BLVD",37208,2025,4
"109 LAFAYETTE ST",37210,2025,2
"1601 ANTIOCH PIKE",37013,2025,2
"8200 MCCRORY LN",37221,2025,4
"199 ANTHES DR",37210,2025,4
"639 LAFAYETTE ST",37203,2025,24
"1310 ANTIOCH PIKE",37211,2025,3
"199 ANTHES DR",37210,2025,4
"412 BROADWAY",37203,2025,2
"1909 8TH AVE S",37203,2025,3
"3124 NOBLE VALLEY DR",37214,2025,2
"370 WALLACE RD",37211,2025,5
"3051 FRANKLIN PIKE",37204,2025,4
"639 LAFAYETTE ST",37203,2025,24
"311 W TRINITY LN",37207,2025,4
"NOLENSVILLE PIKE & THOMPSON LN",37211,2025,5
"4042 SHURGARD WAY",37076,2025,2
"84 LESTER AVE",37210,2025,6
"333 NORTHCREEK BLVD",37072,2025,2
"601 PRESIDENT RONALD REAGAN WAY",37210,2025,3
"DICKERSON PIKE & BROADMOOR DR",37207,2025,2
"591 N DUPONT AVE",37115,2025,12
"893 MURFREESBORO PIKE",37217,2025,5
"50 AIRWAYS BLVD",37214,2025,3
"200 JAMES ROBERTSON PKWY",37201,2025,38
"308 BROADWAY",37219,2025,3
"2425 ATRIUM WAY",37214,2025,2
"400 DR MARTIN L KING JR BLVD",37219,2025,44
"410 S 5TH ST",37206,2025,6
"656 S 7TH ST",37206,2025,2
"95 WALLACE RD",37211,2025,3
"97 WALLACE RD",37211,2025,14
"365 RIO VISTA DR",37115,2025,16
"701 40TH AVE N",37209,2025,4
"NOLENSVILLE PIKE & THOMPSON LN",37211,2025,5
"2300 OLD MATTHEWS RD",37207,2025,3
"656 S 7TH ST",37206,2025,2
"200 JAMES ROBERTSON PKWY",37201,2025,38
"850 RICHARDS RD",37013,2025,4
"99 SPRING ST",37213,2025,4
"3430 PERCY PRIEST DR",37214,2025,3
"370 CUMBERLAND WAY",37115,2025,7
"2823 MURFREESBORO PIKE",37013,2025,2
"400 DR MARTIN L KING JR BLVD",37219,2025,44
"BELL RD & CANE RIDGE RD",37013,2025,2
"1100 AIRPORT CENTER DR",37214,2025,2
"1277 ANTIOCH PIKE",37211,2025,2
"1911 DIVISION ST",37203,2025,3
"420 CROLEY DR",37209,2025,2
"639 LAFAYETTE ST",37203,2025,24
"250 CUMBERLAND BND",37228,2025,11
"1900 HOBSON PIKE",37013,2025,3
"97 WALLACE RD",37211,2025,14
"GALLATIN PIKE S & HARRINGTON AVE",37115,2025,2
"665 MYATT DR",37115,2025,7
"3940 APACHE TRL",37013,2025,3
"2901 JOHN A MERRITT BLVD",37209,2025,9
"200 JAMES ROBERTSON PKWY",37201,2025,38
"200 JAMES ROBERTSON PKWY",37201,2025,38
"100 COLEY DAVIS CT",37221,2025,2
"2400 BUENA VISTA PIKE",37218,2025,3
"1384 14TH AVE S",37212,2025,2
"510 HERITAGE DR",37115,2025,2
"608 BENTON AVE",37204,2025,2
"312 HARDING PL",37211,2025,2
"365 RIO VISTA DR",37115,2025,16
"304 LONG HOLLOW PIKE",37072,2025,2
"2827 SMITH SPRINGS RD",37217,2025,2
"608 BENTON AVE",37204,2025,2
"365 RIO VISTA DR",37115,2025,16
"3930 CLARKSVILLE PIKE",37218,2025,3
"685 LEWIS ST",37210,2025,2
"643 S 7TH ST",37206,2025,2
"639 LAFAYETTE ST",37203,2025,24
"7000 HARRIS HILLS LN",37013,2025,2
"2603 WEST END AVE",37203,2025,2
"123 EWING DR",37207,2025,2
"511 S 8TH ST",37206,2025,6
"S 5TH ST & FATHERLAND ST",37206,2025,2
"1911 DIVISION ST",37203,2025,3
"2727 MCGAVOCK PIKE",37214,2025,3
"DR D B TODD JR BLVD & JEFFERSON ST",37208,2025,2
"203 SEALEY DR",37115,2025,2
"2807 NOLENSVILLE PIKE",37211,2025,2
"221 WILEY ST",37115,2025,5
"221 WILEY ST",37115,2025,5
"410 S 5TH ST",37206,2025,6
"97 WALLACE RD",37211,2025,14
"822 MURFREESBORO PIKE",37217,2025,3
"5013 SUNSHINE DR",37013,2025,3
"199 ANTHES DR",37210,2025,4
"391 WALLACE RD",37211,2025,5
"200 JAMES ROBERTSON PKWY",37201,2025,38
"200 JAMES ROBERTSON PKWY",37201,2025,38
"200 JAMES ROBERTSON PKWY",37201,2025,38
"709 REP JOHN LEWIS WAY S",37203,2025,15
"200 JAMES ROBERTSON PKWY",37201,2025,38
"7679 HIGHWAY 70 S",37221,2025,2
"5013 SUNSHINE DR",37013,2025,3
"790 OLD HICKORY BLVD",37027,2025,2
"330 HARDING PL",37211,2025,2
"1101 BELL RD",37013,2025,4
"221 STEWARTS FERRY PIKE",37214,2025,2
"5013 SUNSHINE DR",37013,2025,3
"837 BRILEY PKWY",37217,2025,10
"97 WALLACE RD",37211,2025,14
"600 CHEYENNE BLVD",37115,2025,3
"180 ANTHES DR",37210,2025,3
"1755 DR D B TODD JR BLVD",37208,2025,4
"211 BROADWAY",37201,2025,5
"1601 23RD AVE S",37212,2025,9
"84 LESTER AVE",37210,2025,6
"1714 SEIFRIED ST",37208,2025,2
"414 HARDING PL",37211,2025,2
"405 S 4TH ST",37206,2025,4
"365 HARDING PL",37211,2025,3
"330 HARDING PL",37211,2025,2
"5272 CANE RIDGE RD",37013,2025,3
"300 E WEBSTER ST",37115,2025,10
"331 HARDING PL",37211,2025,4
"2525 ELM HILL PIKE",37214,2025,2
"331 HARDING PL",37211,2025,4
"84 LESTER AVE",37210,2025,6
"5161 RICE RD",37013,2025,2
"4040 NOLENSVILLE PIKE",37211,2025,4
"100 CURTIS HOLLOW RD",37013,2025,3
"121 4TH AVE S",37203,2025,8
"5353 CANE RIDGE RD",37013,2025,2
"117 CHARLES E DAVIS BLVD",37210,2025,3
"110 MAPLEWOOD TRCE",37207,2025,2
"300 E WEBSTER ST",37115,2025,10
"411 BROADWAY",37203,2025,2
"1101 BELL RD",37013,2025,4
"3460 DICKERSON PIKE",37207,2025,2
"7534 OLD HICKORY BLVD",37189,2025,2
"810 17TH AVE N",37208,2025,2
"1211 BELL RD",37013,2025,3
"1341 LEWIS ST",37210,2025,2
"300 E WEBSTER ST",37115,2025,10
"370 WALLACE RD",37211,2025,5
"400 DR MARTIN L KING JR BLVD",37219,2025,44
"7720 GREENBRIER RD",37080,2025,3
"691 LEWIS ST",37210,2025,2
"639 LAFAYETTE ST",37203,2025,24
"2010 WEST END AVE",37203,2025,2
"1195 WEDGEWOOD AVE",37203,2025,3
"6TH AVE S & PEABODY ST",37203,2025,2
"1211 BELL RD",37013,2025,3
"110 NORTHGATE DR",37072,2025,4
"3312 DICKERSON PIKE",37207,2025,2
"425 REP JOHN LEWIS WAY S",37203,2025,4
"405 S 4TH ST",37206,2025,4
"4960 EDMONDSON PIKE",37211,2025,2
"402 22ND AVE N",37203,2025,3
"601 PRESIDENT RONALD REAGAN WAY",37210,2025,3
"120 OAK VALLEY DR",37207,2025,2
"402 CHURCHILL XING",37115,2025,2
"2706 GLENROSE AVE",37210,2025,3
"301 E THOMPSON LN",37217,2025,2
"639 LAFAYETTE ST",37203,2025,24
"1716 ROSA L PARKS BLVD",37208,2025,11
"120 OAK VALLEY DR",37207,2025,2
"2403 BRICK CHURCH PIKE",37207,2025,5
"621 RIVERGATE PKWY",37072,2025,2
"220 RUDY CIR",37214,2025,2
"336 HARDING PL",37211,2025,2
"370 CUMBERLAND WAY",37115,2025,7
"522 GLASTONBURY RD",37217,2025,2
"122 LIBERTY LN",37115,2025,3
"3021 GALLATIN PIKE",37216,2025,3
"606 N DUPONT AVE",37115,2025,3
"2600 CLARKSVILLE PIKE",37208,2025,2
"685 LEWIS ST",37210,2025,2
"1777 GALLATIN PIKE N",37115,2025,2
"250 CUMBERLAND BND",37228,2025,11
"106 GALLATIN PIKE N",37115,2025,2
"3501 BROOKWAY DR",37207,2025,2
"2415 MCGAVOCK PIKE",37214,2025,2
"111 OLD HICKORY BLVD",37221,2025,2
"900 DICKERSON PIKE",37207,2025,6
"615 CHURCH ST",37219,2025,2
"903 FAIRWIN AVE",37216,2025,7
"84 LESTER AVE",37210,2025,6
"329 BROADWAY",37201,2025,11
"903 FAIRWIN AVE",37216,2025,7
"2127 CENTURY FARMS PKWY",37013,2025,3
"5055 OLD HICKORY BLVD",37076,2025,2
"402 CHURCHILL XING",37115,2025,2
"1108 MURFREESBORO PIKE",37217,2025,4
"4TH AVE N & DR MARTIN L KING JR BLVD",37219,2025,4
"1151 DEFORD BAILEY AVE",37203,2025,3
"400 DR MARTIN L KING JR BLVD",37219,2025,44
"2802 NOLENSVILLE PIKE",37210,2025,15
"5055 OLD HICKORY BLVD",37076,2025,2
"200 JAMES ROBERTSON PKWY",37201,2025,38
"709 REP JOHN LEWIS WAY S",37203,2025,15
"130 W TRINITY LN",37207,2025,6
"591 N DUPONT AVE",37115,2025,12
"621 N DUPONT AVE",37115,2025,2
"3051 FRANKLIN PIKE",37204,2025,4
"250 CUMBERLAND BND",37228,2025,11
"2136 CLIFF DR",37218,2025,2
"211 BROADWAY",37201,2025,5
"110 MAPLEWOOD TRCE",37207,2025,2
"3900 DICKERSON PIKE",37207,2025,3
"2200 BRICK CHURCH PIKE",37207,2025,10
"5800 MAUDINA AVE",37209,2025,4
"211 BROADWAY",37201,2025,5
"329 BROADWAY",37201,2025,11
"4145 LEBANON PIKE",37076,2025,4
"LINCOLN ST & LAFAYETTE ST",37210,2025,4
"1012 GALLATIN PIKE S",37115,2025,5
"639 LAFAYETTE ST",37203,2025,24
"2753 WINDCREST TRL",37013,2025,2
"300 E WEBSTER ST",37115,2025,10
"601 GALLATIN PIKE N",37115,2025,2
"1702 WEST END AVE",37203,2025,2
"903 BLANK ST",37208,2025,2
"340 HARDING PL",37211,2025,6
"1612 14TH AVE N",37208,2025,2
"600 WHISPERING HILLS DR",37211,2025,4
"1310 ANTIOCH PIKE",37211,2025,3
"3711 DICKERSON PIKE",37207,2025,2
"318 HARDING PL",37211,2025,3
"370 WALLACE RD",37211,2025,5
"2611 CLARKSVILLE PIKE",37208,2025,3
"5000 MOUNTAIN SPRINGS RD",37013,2025,2
"822 MURFREESBORO PIKE",37217,2025,3
"500 MAIN ST",37206,2025,2
"LEWIS ST & PERKINS ST",37210,2025,4
"831 GLASTONBURY RD",37217,2025,5
"1319 QUAIL VALLEY RD",37214,2025,2
"813 DICKERSON PIKE S",37072,2025,2
"1601 23RD AVE S",37212,2025,9
"2127 CENTURY FARMS PKWY",37013,2025,3
"3021 GALLATIN PIKE",37216,2025,3
"329 BROADWAY",37201,2025,11
"639 LAFAYETTE ST",37203,2025,24
"3110 NOLENSVILLE PIKE",37211,2025,5
"365 RIO VISTA DR",37115,2025,16
"3056 DICKERSON PIKE",37207,2025,6
"4040 NOLENSVILLE PIKE",37211,2025,4
"99 SPRING ST",37213,2025,4
"717 SPENCE LN",37217,2025,11
"1111 BROADWAY",37203,2025,3
"365 RIO VISTA DR",37115,2025,16
"709 REP JOHN LEWIS WAY S",37203,2025,15
"819 GALLATIN PIKE S",37115,2025,2
"7441 HIGHWAY 70 S",37221,2025,3
"1600 MCGAVOCK ST",37203,2025,2
"5600 COUNTRY DR",37211,2025,5
"5099 LINBAR DR",37211,2025,2
"3043 NOLENSVILLE PIKE",37211,2025,5
"1101 EDGEHILL AVE",37203,2025,4
"1121 BELL RD",37013,2025,4
"900 DICKERSON PIKE",37207,2025,6
"105 OAK VALLEY DR",37207,2025,6
"331 PLUS PARK BLVD",37217,2025,11
"414 HARDING PL",37211,2025,2
"7534 OLD HICKORY BLVD",37189,2025,2
"3021 GALLATIN PIKE",37216,2025,3
"123 2ND AVE S",37201,2025,9
"1600 MCGAVOCK ST",37203,2025,2
"1745 DR D B TODD JR BLVD",37208,2025,4
"1015 BELL RD",37013,2025,2
"691 LEWIS ST",37210,2025,2
"3043 NOLENSVILLE PIKE",37211,2025,5
"6353 N NEW HOPE RD",37076,2025,2
"207 30TH ST",37138,2025,2
"200 JAMES ROBERTSON PKWY",37201,2025,38
"227 SHELBY AVE",37213,2025,6
"2802 NOLENSVILLE PIKE",37210,2025,15
"60 LESTER AVE",37210,2025,3
"2311 BRICK CHURCH PIKE",37207,2025,3
"370 CUMBERLAND WAY",37115,2025,7
"1111 BROADWAY",37203,2025,3
"622 RIVERGATE PKWY",37072,2025,5
"2401 BRICK CHURCH PIKE",37207,2025,2
"331 PLUS PARK BLVD",37217,2025,11
"205 MILLWOOD DR",37217,2025,2
"765 BELL RD",37013,2025,3
"622 RIVERGATE PKWY",37072,2025,5
"5319 MT VIEW RD",37013,2025,2
"REP JOHN LEWIS WAY N & UNION ST",37243,2025,2
"4145 LEBANON PIKE",37076,2025,4
"370 CUMBERLAND WAY",37115,2025,7
"837 BRILEY PKWY",37217,2025,10
"1308 S HAMPTON CT",37013,2025,2
"822 MURFREESBORO PIKE",37217,2025,3
"400 DR MARTIN L KING JR BLVD",37219,2025,44
"8283 RIVER ROAD PIKE",37209,2025,2
"2410 MUSIC VALLEY DR",37214,2025,5
"84 LESTER AVE",37210,2025,6
"5001 LINBAR DR",37211,2025,6
"522 S 6TH ST",37206,2025,2
"577 DONELSON PIKE",37214,2025,2
"929 AIRPORT SERVICE RD",37214,2025,5
"200 E WEBSTER ST",37115,2025,2
"1622 14TH AVE N",37208,2025,2
"3430 PERCY PRIEST DR",37214,2025,3
"143 UNIVERSITY CT",37210,2025,2
"1501 DEMONBREUN ST",37203,2025,4
"5113 HARDING PL",37211,2025,7
"305 W TRINITY LN",37207,2025,3
"917 BLANK ST",37208,2025,2
"312 HARDING PL",37211,2025,2
"765 BELL RD",37013,2025,3
"611 CHARLES E DAVIS BLVD",37210,2025,2
"203 SEALEY DR",37115,2025,2
"150 3RD AVE S",37201,2025,2
"893 MURFREESBORO PIKE",37217,2025,5
"1012 GALLATIN PIKE S",37115,2025,5
"900 DICKERSON PIKE",37207,2025,6
"311 RACHEL RD",37214,2025,6
"14 CLAIBORNE ST",37210,2025,2
"97 WALLACE RD",37211,2025,14
"3711 DICKERSON PIKE",37115,2025,2
"5113 HARDING PL",37211,2025,7
"2801 JOHN A MERRITT BLVD",37209,2025,4
"1755 DR D B TODD JR BLVD",37208,2025,4
"SHELBY ST PEDESTRIAN BRIDGE",37201,2025,3
"2ND AVE N & BROADWAY",37201,2025,2
"126 3RD AVE N",37201,2025,2
"118 EMMITT AVE",37115,2025,4
"645 DIVISION ST",37203,2025,2
"1305 ANTIOCH PIKE",37211,2025,2
"7441 HIGHWAY 70 S",37221,2025,3
"2611 CLARKSVILLE PIKE",37208,2025,3
"MIDDLETON ST & HERMITAGE AVE",37210,2025,2
"2400 BUENA VISTA PIKE",37218,2025,3
"200 JAMES ROBERTSON PKWY",37201,2025,38
"213 JOYNER AVE",37210,2025,2
"5300 WESSEX DR",37211,2025,2
"BLANK ST & HERMAN ST",37208,2025,2
"600 ROTHWOOD AVE",37115,2025,2
"790 OLD HICKORY BLVD",37027,2025,2
"639 LAFAYETTE ST",37203,2025,24
"301 BROADWAY",37201,2025,3
"906 28TH AVE N",37208,2025,2
"930 INDUSTRIAL DR",37138,2025,3
"411 MURFREESBORO PIKE",37210,2025,5
"410 S 5TH ST",37206,2025,6
"1111 BELL RD",37013,2025,6
"331 PLUS PARK BLVD",37217,2025,11
"400 DR MARTIN L KING JR BLVD",37219,2025,44
"717 SPENCE LN",37217,2025,11
"4008 GALLATIN PIKE",37216,2025,3
"2715 WHITES CREEK PIKE",37207,2025,6
"2200 BRICK CHURCH PIKE",37207,2025,10
"665 MYATT DR",37115,2025,7
"101 FACTORY ST",37210,2025,3
"420 METROPLEX DR",37211,2025,10
"220 RUDY CIR",37214,2025,2
"639 LAFAYETTE ST",37203,2025,24
"3043 NOLENSVILLE PIKE",37211,2025,5
"3200 DICKERSON PIKE",37207,2025,3
"314 11TH AVE S",37203,2025,2
"107 4TH AVE N",37203,2025,3
"608 MCGAVOCK PIKE",37214,2025,2
"4008 GALLATIN PIKE",37216,2025,3
"311 RACHEL RD",37214,2025,6
"2824 CREEKVIEW DR",37217,2025,2
"5119 HARDING PL",37211,2025,6
"717 SPENCE LN",37217,2025,11
"707 CHEYENNE BLVD",37115,2025,3
"3200 DICKERSON PIKE",37207,2025,3
"893 MURFREESBORO PIKE",37217,2025,5
"1404 BROADWAY",37203,2025,4
"4008 GALLATIN PIKE",37216,2025,3
"365 RIO VISTA DR",37115,2025,16
"717 SPENCE LN",37217,2025,11
"3110 NOLENSVILLE PIKE",37211,2025,5
"1716 ROSA L PARKS BLVD",37208,2025,11
"94 BERKLEY DR",37115,2025,3
"227 SHELBY AVE",37213,2025,6
"250 REP JOHN LEWIS WAY S",37203,2025,2
"2410 MUSIC VALLEY DR",37214,2025,5
"3043 NOLENSVILLE PIKE",37211,2025,5
"409 CLAYMILLE CT",37207,2025,2
"4099 NOLENSVILLE PIKE",37211,2025,2
"622 RIVERGATE PKWY",37072,2025,5
"3868 CENTRAL PIKE",37076,2025,2
"2521 CLARKSVILLE PIKE",37208,2025,3
"220 CHESAPEAKE PL",37207,2025,2
"1129 DUE WEST AVE N",37115,2025,2
"220 CHESAPEAKE PL",37207,2025,2
"2406 ELM HILL PIKE",37214,2025,2
"957 BLANK ST",37208,2025,2
"701 40TH AVE N",37209,2025,4
"639 LAFAYETTE ST",37203,2025,24
"107 4TH AVE N",37203,2025,3
"711 UNION ST",37203,2025,2
"496 W TRINITY LN",37207,2025,2
"9 HERMITAGE AVE",37210,2025,2
"5300 WESSEX DR",37211,2025,2
"621 RIVERGATE PKWY",37072,2025,2
"200 JAMES ROBERTSON PKWY",37201,2025,38
"4099 NOLENSVILLE PIKE",37211,2025,2
"808 SKYLINE RIDGE DR",37115,2025,2
"2ND AVE S & LAFAYETTE ST",37210,2025,2
"202 NEELYS BEND RD",37115,2025,2
"929 AIRPORT SERVICE RD",37214,2025,5
"4144 LEBANON PIKE",37076,2025,2
"496 W TRINITY LN",37207,2025,2
"121 4TH AVE S",37203,2025,8
"425 AMERICAN RD",37209,2025,2
"370 CUMBERLAND WAY",37115,2025,7
"2652 WOODBERRY DR",37214,2025,2
"2401 LAKESHORE DR",37138,2025,3
"200 GALLATIN PIKE S",37115,2025,4
"3110 ELM HILL PIKE",37214,2025,3
"5615 CHARLOTTE PIKE",37209,2025,2
"110 GALLATIN AVE",37206,2025,2
"731 HARDING PL",37220,2025,2
"2200 BRICK CHURCH PIKE",37207,2025,10
"365 HARDING PL",37211,2025,3
"1732 24TH AVE N",37208,2025,2
"5771 NOLENSVILLE PIKE",37211,2025,4
"705 DREXEL ST",37203,2025,9
"5242 EDMONDSON PIKE",37211,2025,3
"400 DR MARTIN L KING JR BLVD",37219,2025,44
"207 30TH ST",37138,2025,2
"3939 APACHE TRL",37013,2025,4
"300 KATE ST",37115,2025,5
"211 BROADWAY",37201,2025,5
"221 BROADWAY",37201,2025,8
"300 GREAT CIRCLE RD",37228,2025,2
"717 SPENCE LN",37217,2025,11
"1101 BELL RD",37013,2025,4
"1101 BELL RD",37013,2025,4
"335 FOREST PARK RD",37115,2025,2
"639 LAFAYETTE ST",37203,2025,24
"1111 BELL RD",37013,2025,6
"2901 JOHN A MERRITT BLVD",37209,2025,9
"643 S 7TH ST",37206,2025,2
"500 HILLSIDE CT",37203,2025,3
"711 GALLATIN AVE",37206,2025,3
"639 LAFAYETTE ST",37203,2025,24
"1062 CAPITOL PT",37203,2025,2
"433 GAY ST",37201,2025,7
"3458 DICKERSON PIKE",37207,2025,6
"2802 NOLENSVILLE PIKE",37210,2025,15
"331 PLUS PARK BLVD",37217,2025,11
"275 CUMBERLAND BND",37228,2025,5
"705 DREXEL ST",37203,2025,9
"CLAIBORNE ST & LAFAYETTE ST",37210,2025,2
"1621 BELL RD",37013,2025,2
"1302 BERRY ST",37138,2025,3
"318 HARDING PL",37211,2025,3
"BELL RD & CANE RIDGE RD",37013,2025,2
"3021 DICKERSON PIKE",37207,2025,2
"917 BLANK ST",37208,2025,2
"123 2ND AVE S",37201,2025,9
"522 S 6TH ST",37206,2025,2
"3819 E RIDGE DR",37211,2025,3
"1104 ROSA L PARKS BLVD",37208,2025,2
"8020 MCCRORY LN",37221,2025,2
"2200 BRICK CHURCH PIKE",37207,2025,10
"621 N DUPONT AVE",37115,2025,2
"3460 DICKERSON PIKE",37207,2025,2
"3501 BROOKWAY DR",37207,2025,2
"221 BROADWAY",37201,2025,8
"1501 HERMAN ST",37208,2025,2
"2802 NOLENSVILLE PIKE",37210,2025,15
"5055 BROADWAY PL",37203,2025,4
"333 NORTHCREEK BLVD",37072,2025,2
"60 LESTER AVE",37210,2025,3
"105 OAK VALLEY DR",37207,2025,6
"400 DR MARTIN L KING JR BLVD",37219,2025,44
"132 LAFAYETTE ST",37210,2025,3
"1902 DICKERSON PIKE",37207,2025,5
"110 JO JOHNSTON AVE",37201,2025,4
"300 E WEBSTER ST",37115,2025,10
"2715 WHITES CREEK PIKE",37207,2025,6
"2200 BRICK CHURCH PIKE",37207,2025,10
"727 BELL RD",37013,2025,5
"2715 WHITES CREEK PIKE",37207,2025,6
"331 PLUS PARK BLVD",37217,2025,11
"SHELBY ST PEDESTRIAN BRIDGE",37201,2025,3
"200 JAMES ROBERTSON PKWY",37201,2025,38
"717 SPENCE LN",37217,2025,11
"200 JAMES ROBERTSON PKWY",37201,2025,38
"300 E WEBSTER ST",37115,2025,10
"1062 CAPITOL PT",37203,2025,2
"2901 JOHN A MERRITT BLVD",37209,2025,9
"410 S 5TH ST",37206,2025,6
"2232 GALLATIN PIKE N",37115,2025,6
"515 METROPLEX DR",37211,2025,5
"329 BROADWAY",37201,2025,11
"2311 BRICK CHURCH PIKE",37207,2025,3
"3RD AVE S & DEMONBREUN ST",37201,2025,2
"2901 JOHN A MERRITT BLVD",37209,2025,9
"3939 APACHE TRL",37013,2025,4
"1902 DICKERSON PIKE",37207,2025,5
"202 NEELYS BEND RD",37115,2025,2
"930 INDUSTRIAL DR",37138,2025,3
"105 OAK VALLEY DR",37207,2025,6
"3200 CLARKSVILLE PIKE",37218,2025,2
"701 40TH AVE N",37209,2025,4
"1716 ROSA L PARKS BLVD",37208,2025,11
"123 2ND AVE S",37201,2025,9
"9 HERMITAGE AVE",37210,2025,2
"200 JAMES ROBERTSON PKWY",37201,2025,38
"2232 GALLATIN PIKE N",37115,2025,6
"213 JOYNER AVE",37210,2025,2
"1415 DICKERSON PIKE",37207,2025,3
"1415 DICKERSON PIKE",37207,2025,3
"CLAIBORNE ST & LAFAYETTE ST",37210,2025,2
"6369 IVY ST",37209,2025,2
"400 DR MARTIN L KING JR BLVD",37219,2025,44
"335 FOREST PARK RD",37115,2025,2
"1 TERMINAL DR",37214,2025,4
"837 BRILEY PKWY",37217,2025,10
"110 3RD AVE S",37201,2025,2
"99 SPRING ST",37213,2025,4
"1108 MURFREESBORO PIKE",37217,2025,4
"1129 DUE WEST AVE N",37115,2025,2
"4035 NOLENSVILLE PIKE",37211,2025,2
"831 GLASTONBURY RD",37217,2025,5
"831 GLASTONBURY RD",37217,2025,5
"336 HARDING PL",37211,2025,2
"370 CUMBERLAND WAY",37115,2025,7
"1613 DORCHESTER AVE",37216,2025,2
"2232 GALLATIN PIKE N",37115,2025,6
"365 RIO VISTA DR",37115,2025,16
"707 CHEYENNE BLVD",37115,2025,3
"200 JAMES ROBERTSON PKWY",37201,2025,38
"340 HARDING PL",37211,2025,6
"118 EMMITT AVE",37115,2025,4
"2401 BRICK CHURCH PIKE",37207,2025,2
"101 FACTORY ST",37210,2025,3
"2807 NOLENSVILLE PIKE",37211,2025,2
"2136 CENTURY FARMS PKWY",37013,2025,2
"2112 CHARLOTTE AVE",37203,2025,2
"2425 ATRIUM WAY",37214,2025,2
"110 JO JOHNSTON AVE",37201,2025,4
"3389 MIMOSA DR",37211,2025,19
"1232 FOSTER AVE",37210,2025,2
"420 METROPLEX DR",37211,2025,10
"365 RIO VISTA DR",37115,2025,16
"5771 NOLENSVILLE PIKE",37211,2025,4
"301 DEMONBREUN ST",37201,2025,2
"2802 NOLENSVILLE PIKE",37210,2025,15
"3737 BELL RD",37214,2025,2
"5119 HARDING PL",37211,2025,6
"700 3RD AVE S",37210,2025,2
"600 WHISPERING HILLS DR",37211,2025,4
"1410 BRICK CHURCH PIKE",37207,2025,2
"3124 NOBLE VALLEY DR",37214,2025,2
"400 DR MARTIN L KING JR BLVD",37219,2025,44
"DICKERSON PIKE & EWING DR",37207,2025,2
"2127 CENTURY FARMS PKWY",37013,2025,3
"705 DREXEL ST",37203,2025,9
"2802 NOLENSVILLE PIKE",37210,2025,15
"1015 BELL RD",37013,2025,2
"701 40TH AVE N",37209,2025,4
"995 THOMPSON PL",37217,2025,2
"1621 BELL RD",37013,2025,2
"1302 BERRY ST",37138,2025,3
"LEWIS ST & PERKINS ST",37210,2025,4
"719 THOMPSON LN",37204,2025,3
"400 DR MARTIN L KING JR BLVD",37219,2025,44
"212 BROADWAY",37201,2025,2
"200 JAMES ROBERTSON PKWY",37201,2025,38
"300 KATE ST",37115,2025,5
"2232 GALLATIN PIKE N",37115,2025,6
"1210 MURFREESBORO PIKE",37217,2025,6
"639 LAFAYETTE ST",37203,2025,24
"2921 OLD FRANKLIN RD",37013,2025,2
"150 3RD AVE S",37201,2025,2
"600 CREATIVE WAY",37115,2025,2
"301 E THOMPSON LN",37217,2025,2
"370 WALLACE RD",37211,2025,5
"2521 ELM HILL PIKE",37214,2025,2
"709 REP JOHN LEWIS WAY S",37203,2025,15
"REP JOHN LEWIS WAY N & UNION ST",37243,2025,2
"1800 JEFFERSON ST",37208,2025,3
"5600 COUNTRY DR",37211,2025,5
"1516 HAMPTON ST",37207,2025,2
"2200 BRICK CHURCH PIKE",37207,2025,10
"2828 OLD HICKORY BLVD",37221,2025,3
"906 28TH AVE N",37208,2025,2
"5119 HARDING PL",37211,2025,6
"301 BROADWAY",37201,2025,3
"1309 MURFREESBORO PIKE",37217,2025,3
"1000 ST LUKE DR",37205,2025,2
"1195 WEDGEWOOD AVE",37203,2025,3
"5615 CHARLOTTE PIKE",37209,2025,2
"837 BRILEY PKWY",37217,2025,10
"200 JAMES ROBERTSON PKWY",37201,2025,38
"2802 NOLENSVILLE PIKE",37210,2025,15
"317 BROADWAY",37201,2025,2
"5600 COUNTRY DR",37211,2025,5
"403 AMBERWOOD CIR",37221,2025,3
"3458 DICKERSON PIKE",37207,2025,6
"700 DEW ST",37206,2025,3
"97 WALLACE RD",37211,2025,14
"5600 COUNTRY DR",37211,2025,5
"370 CUMBERLAND WAY",37115,2025,7
"1210 MURFREESBORO PIKE",37217,2025,6
"6001 OLD HICKORY BLVD",37076,2025,5
"200 JAMES ROBERTSON PKWY",37201,2025,38
"99 SPRING ST",37213,2025,4
"2802 NOLENSVILLE PIKE",37210,2025,15
"901 BLANK ST",37208,2025,4
"901 BLANK ST",37208,2025,4
"901 BLANK ST",37208,2025,4
"411 36TH AVE N",37209,2025,2
"3389 MIMOSA DR",37211,2025,19
"405 S 4TH ST",37206,2025,4
"515 METROPLEX DR",37211,2025,5
"2403 BRICK CHURCH PIKE",37207,2025,5
"104 DOWNWIND CT",37217,2025,2
"2945 BRICK CHURCH PIKE",37207,2025,4
"2800 OPRYLAND DR",37214,2025,4
"365 RIO VISTA DR",37115,2025,16
"1271 ANTIOCH PIKE",37211,2025,4
"850 RICHARDS RD",37013,2025,4
"408 2ND AVE N",37201,2025,2
"6369 IVY ST",37209,2025,2
"331 HARDING PL",37211,2025,4
"1745 DR D B TODD JR BLVD",37208,2025,4
"900 DICKERSON PIKE",37207,2025,6
"2901 JOHN A MERRITT BLVD",37209,2025,9
"12848 OLD HICKORY BLVD",37013,2025,2
"400 DR MARTIN L KING JR BLVD",37219,2025,44
"1909 8TH AVE S",37203,2025,3
"6353 N NEW HOPE RD",37076,2025,2
"3389 MIMOSA DR",37211,2025,19
"2232 GALLATIN PIKE N",37115,2025,6
"344 BELL RD",37217,2025,3
"1234 KENMORE PL",37216,2025,2
"3389 MIMOSA DR",37211,2025,19
"1410 BRICK CHURCH PIKE",37207,2025,2
"608 BLUE LAKE TRL",37013,2025,2
"717 SPENCE LN",37217,2025,11
"123 2ND AVE S",37201,2025,9
"2659 MORGAN RD",37080,2025,2
"121 4TH AVE S",37203,2025,8
"3389 MIMOSA DR",37211,2025,19
"3407 CLIFTON AVE",37209,2025,2
"301 28TH AVE N",37203,2025,7
"709 REP JOHN LEWIS WAY S",37203,2025,15
"1777 GALLATIN PIKE N",37115,2025,2
"622 RIVERGATE PKWY",37072,2025,5
"825 DICKERSON PIKE S",37072,2025,2
"5101 LINBAR DR",37211,2025,2
"339 BLUE LAKE CIR",37013,2025,2
"5001 LINBAR DR",37211,2025,6
"3504 JOHN A MERRITT BLVD",37209,2025,2
"3868 CENTRAL PIKE",37076,2025,2
"713 28TH AVE N",37208,2025,2
"472 TIMMONS ST",37211,2025,2
"1121 BELL RD",37013,2025,4
"311 HARDING PL",37211,2025,2
"2410 MUSIC VALLEY DR",37214,2025,5
"511 S 8TH ST",37206,2025,6
"3819 E RIDGE DR",37211,2025,3
"2514 JEFFERSON ST",37208,2025,3
"311 W TRINITY LN",37207,2025,4
"310 1ST AVE S",37201,2025,2
"2401 LAKESHORE DR",37138,2025,3
"1516 GALLATIN PIKE S",37115,2025,2
"8283 RIVER ROAD PIKE",37209,2025,2
"1121 BELL RD",37013,2025,4
"200 GALLATIN PIKE S",37115,2025,4
"2945 BRICK CHURCH PIKE",37207,2025,4
"221 WILEY ST",37115,2025,5
"2232 GALLATIN PIKE N",37115,2025,6
"433 GAY ST",37201,2025,7
"3407 CLIFTON AVE",37209,2025,2
"2410 MUSIC VALLEY DR",37214,2025,5
"221 WILEY ST",37115,2025,5
"3458 DICKERSON PIKE",37207,2025,6
"3930 CLARKSVILLE PIKE",37218,2025,3
"DR D B TODD JR BLVD & JEFFERSON ST",37208,2025,2
"7439 HIGHWAY 70 S",37221,2025,2
"7475 COCKRILL BEND BLVD",37209,2025,5
"3458 DICKERSON PIKE",37207,2025,6
"6001 OLD HICKORY BLVD",37076,2025,5
"665 MYATT DR",37115,2025,7
"331 PLUS PARK BLVD",37217,2025,11
"200 JAMES ROBERTSON PKWY",37201,2025,38
"3389 MIMOSA DR",37211,2025,19
"401 WALTON LN",37216,2025,3
"95 WALLACE RD",37211,2025,3
"2802 NOLENSVILLE PIKE",37210,2025,15
"CLARKSVILLE PIKE & RAWLINGS RD",37080,2025,2
"837 BRILEY PKWY",37217,2025,10
"600 CHEYENNE BLVD",37115,2025,3
"300 KATE ST",37115,2025,5
"995 THOMPSON PL",37217,2025,2
"1705 JENKINS ST",37208,2025,2
"121 4TH AVE S",37203,2025,8
"130 W TRINITY LN",37207,2025,6
"411 MURFREESBORO PIKE",37210,2025,5
"3150 MCGAVOCK PIKE",37214,2025,3
"1271 ANTIOCH PIKE",37211,2025,4
"8200 MCCRORY LN",37221,2025,4
"1414 PRINCETON PL",37076,2025,2
"S 5TH ST & FATHERLAND ST",37206,2025,2
"8200 MCCRORY LN",37221,2025,4
"6900 LENOX VILLAGE DR",37211,2025,3
"97 WALLACE RD",37211,2025,14
"100 WOODLAND ST",37213,2025,3
"1125 4TH AVE S",37203,2025,4
"5800 MAUDINA AVE",37209,2025,4
"3855 BELL RD",37076,2025,2
"326 HARDING PL",37211,2025,2
"3900 DICKERSON PIKE",37207,2025,3
"515 METROPLEX DR",37211,2025,5
"1195 WEDGEWOOD AVE",37203,2025,3
"901 BLANK ST",37208,2025,4
"5119 HARDING PL",37211,2025,6
"1310 ELLISTON ST",37138,2025,3
"321 WALTON LN",37115,2025,3
"200 GALLATIN PIKE S",37115,2025,4
"1125 4TH AVE S",37203,2025,4
"600 CHEYENNE BLVD",37115,2025,3
"121 4TH AVE S",37203,2025,8
"837 BRILEY PKWY",37217,2025,10
"114 HILLCREST DR",37115,2025,2
"3940 APACHE TRL",37013,2025,3
"837 BRILEY PKWY",37217,2025,10
"5319 MT VIEW RD",37013,2025,2
"5272 CANE RIDGE RD",37013,2025,3
"3056 DICKERSON PIKE",37207,2025,6
"200 E WEBSTER ST",37115,2025,2
"4TH AVE N & DR MARTIN L KING JR BLVD",37219,2025,4
"123 2ND AVE S",37201,2025,9
"1404 BROADWAY",37203,2025,4
"3504 JOHN A MERRITT BLVD",37209,2025,2
"221 BROADWAY",37201,2025,8
"716 LEWIS ST",37210,2025,2
"2200 BRICK CHURCH PIKE",37207,2025,10
"4311 SIDCO DR",37204,2025,2
"BLANK ST & HERMAN ST",37208,2025,2
"1012 GALLATIN PIKE S",37115,2025,5
"2659 MORGAN RD",37080,2025,2
"310 1ST AVE S",37201,2025,2
"7475 COCKRILL BEND BLVD",37209,2025,5
"1732 24TH AVE N",37208,2025,2
"420 MURFREESBORO PIKE",37210,2025,7
"3918 DICKERSON PIKE",37207,2025,2
"420 METROPLEX DR",37211,2025,10
"4311 SIDCO DR",37204,2025,2
"2801 JOHN A MERRITT BLVD",37209,2025,4
"1309 MURFREESBORO PIKE",37217,2025,3
"3056 DICKERSON PIKE",37207,2025,6
"331 PLUS PARK BLVD",37217,2025,11
"1716 ROSA L PARKS BLVD",37208,2025,11
"616 N DUPONT AVE",37115,2025,7
"621 HUNTINGTON RIDGE DR",37211,2025,2
"250 CUMBERLAND BND",37228,2025,11
"441 TYLER DR",37076,2025,2
"314 11TH AVE S",37203,2025,2
"591 N DUPONT AVE",37115,2025,12
"60 LESTER AVE",37210,2025,3
"591 N DUPONT AVE",37115,2025,12
"2715 WHITES CREEK PIKE",37207,2025,6
"LINCOLN ST & LAFAYETTE ST",37210,2025,4
"355 E CEDAR ST",37072,2025,3
"97 WALLACE RD",37211,2025,14
"3389 MIMOSA DR",37211,2025,19
"2901 JOHN A MERRITT BLVD",37209,2025,9
"7441 HIGHWAY 70 S",37221,2025,3
"1108 MURFREESBORO PIKE",37217,2025,4
"591 N DUPONT AVE",37115,2025,12
"3389 MIMOSA DR",37211,2025,19
"59 CARROLL ST",37210,2025,2
"5001 LINBAR DR",37211,2025,6
"1210 MURFREESBORO PIKE",37217,2025,6
"3389 MIMOSA DR",37211,2025,19
"425 AMERICAN RD",37209,2025,2
"6001 OLD HICKORY BLVD",37076,2025,5
"5003 LINBAR DR",37211,2025,2
"401 WALTON LN",37216,2025,3
"2715 WHITES CREEK PIKE",37207,2025,6
"311 W TRINITY LN",37207,2025,4
"410 METROPLEX DR",37211,2025,2
"400 DR MARTIN L KING JR BLVD",37219,2025,44
"5771 NOLENSVILLE PIKE",37211,2025,4
"3389 MIMOSA DR",37211,2025,19
"2112 CHARLOTTE AVE",37203,2025,2
"118 CHARLES E DAVIS BLVD",37210,2025,2
"1716 ROSA L PARKS BLVD",37208,2025,11
"5001 LINBAR DR",37211,2025,6
"400 DR MARTIN L KING JR BLVD",37219,2025,44
"639 LAFAYETTE ST",37203,2025,24
"1234 KENMORE PL",37216,2025,2
"621 HUNTINGTON RIDGE DR",37211,2025,2
"665 MYATT DR",37115,2025,7
"97 WALLACE RD",37211,2025,14
"623 UNION ST",37219,2025,2
"910 EXCHANGE LN",37203,2025,3
"616 N DUPONT AVE",37115,2025,7
"837 BRILEY PKWY",37217,2025,10
"97 WALLACE RD",37211,2025,14
"1900 HOBSON PIKE",37013,2025,3
"391 WALLACE RD",37211,2025,5
"500 HILLSIDE CT",37203,2025,3
"2011 8TH AVE S",37204,2025,2
"920 OAKWELL FARMS LN",37076,2025,2
"727 BELL RD",37013,2025,5
"365 WHITE BRIDGE PIKE",37209,2025,2
"1ST AVE N & BROADWAY",37201,2025,3
"1324 11TH AVE S",37203,2025,2
"238 LARGO DR",37211,2025,2
"2525 ELM HILL PIKE",37214,2025,2
"339 BLUE LAKE CIR",37013,2025,2
"5113 HARDING PL",37211,2025,7
"200 JAMES ROBERTSON PKWY",37201,2025,38
"2258 LEBANON PIKE",37214,2025,3
"2802 NOLENSVILLE PIKE",37210,2025,15
"2906 10TH AVE S",37204,2025,2
"326 HARDING PL",37211,2025,2
"400 DR MARTIN L KING JR BLVD",37219,2025,44
"1302 BERRY ST",37138,2025,3
"639 LAFAYETTE ST",37203,2025,24
"DICKERSON PIKE & BROADMOOR DR",37207,2025,2
"616 N DUPONT AVE",37115,2025,7
"123 2ND AVE S",37201,2025,9
"309 SCHOOLHOUSE CT",37013,2025,2
"420 METROPLEX DR",37211,2025,10
"1090 MURFREESBORO PIKE",37217,2025,2
"10 PUBLIC SQ",37201,2025,3
"420 MURFREESBORO PIKE",37210,2025,7
"2284 MURFREESBORO PIKE",37217,2025,2
"NOLENSVILLE PIKE & THOMPSON LN",37211,2025,5
"NOLENSVILLE PIKE & THOMPSON LN",37211,2025,5
"400 DR MARTIN L KING JR BLVD",37219,2025,44
"616 N DUPONT AVE",37115,2025,7
"1601 23RD AVE S",37212,2025,9
"616 N DUPONT AVE",37115,2025,7
"1601 23RD AVE S",37212,2025,9
"616 N DUPONT AVE",37115,2025,7
"501 BROADWAY",37203,2025,2
"3445 PERCY PRIEST DR",37214,2025,2
"5242 EDMONDSON PIKE",37211,2025,3
"900 DICKERSON PIKE",37207,2025,6
"903 FAIRWIN AVE",37216,2025,7
"305 BROADWAY",37201,2025,2
"301 28TH AVE N",37203,2025,7
"340 HARDING PL",37211,2025,6
"5113 HARDING PL",37211,2025,7
"1101 EDGEHILL AVE",37203,2025,4
"600 WHISPERING HILLS DR",37211,2025,4
"3900 DICKERSON PIKE",37207,2025,3
"591 N DUPONT AVE",37115,2025,12
"2715 WHITES CREEK PIKE",37207,2025,6
"116 REP JOHN LEWIS WAY N",37219,2025,4
"365 RIO VISTA DR",37115,2025,16
"401 MYATT DR",37115,2025,2
"321 WALTON LN",37115,2025,3
"400 DR MARTIN L KING JR BLVD",37219,2025,44
"3389 MIMOSA DR",37211,2025,19
"2027 ED TEMPLE BLVD",37208,2025,4
"3389 MIMOSA DR",37211,2025,19
"5115 HARDING PL",37211,2025,5
"106 GALLATIN PIKE N",37115,2025,2
"515 METROPLEX DR",37211,2025,5
"501 BROADWAY",37203,2025,2
"717 SPENCE LN",37217,2025,11
"2828 OLD HICKORY BLVD",37221,2025,3
"749 STONE HEDGE DR",37138,2025,2
"3301 CREEKWOOD DR",37207,2025,5
"245 NEELYS BEND RD",37115,2025,2
"401 UNION ST",37219,2025,3
"911 AIRPORT CENTER DR",37214,2025,2
"2727 MCGAVOCK PIKE",37214,2025,3
"595 HICKS RD",37221,2025,2
"109 LAFAYETTE ST",37210,2025,2
"639 LAFAYETTE ST",37203,2025,24
"709 REP JOHN LEWIS WAY S",37203,2025,15
"331 PLUS PARK BLVD",37217,2025,11
"221 BROADWAY",37201,2025,8
"1618 17TH AVE S",37212,2025,2
"420 MURFREESBORO PIKE",37210,2025,7
"200 JAMES ROBERTSON PKWY",37201,2025,38
"1210 MURFREESBORO PIKE",37217,2025,6
"329 BROADWAY",37201,2025,11
"2400 WEST END AVE",37203,2025,2
"2600 CLARKSVILLE PIKE",37208,2025,2
"123 2ND AVE S",37201,2025,9
"250 CUMBERLAND BND",37228,2025,11
"130 W TRINITY LN",37207,2025,6
"3930 CLARKSVILLE PIKE",37218,2025,3
"1501 DEMONBREUN ST",37203,2025,4
"311 RACHEL RD",37214,2025,6
"3389 MIMOSA DR",37211,2025,19
"749 STONE HEDGE DR",37138,2025,2
"400 DR MARTIN L KING JR BLVD",37219,2025,44
"300 E WEBSTER ST",37115,2025,10
"411 36TH AVE N",37209,2025,2
"591 N DUPONT AVE",37115,2025,12
"411 MURFREESBORO PIKE",37210,2025,5
"411 MURFREESBORO PIKE",37210,2025,5
"800 19TH AVE S",37203,2025,2
"5600 CHARLOTTE PIKE",37209,2025,2
"201 8TH AVE S",37203,2025,3
"639 LAFAYETTE ST",37203,2025,24
"1309 MURFREESBORO PIKE",37217,2025,3
"2400 WEST END AVE",37203,2025,2
"2010 WEST END AVE",37203,2025,2
"412 METROPLEX DR",37211,2025,2
"2499 MURFREESBORO PIKE",37013,2025,3
"CLARKSVILLE PIKE & RAWLINGS RD",37080,2025,2
"301 28TH AVE N",37203,2025,7
"309 SCHOOLHOUSE CT",37013,2025,2
"3389 MIMOSA DR",37211,2025,19
"622 RIVERGATE PKWY",37072,2025,5
"110 JO JOHNSTON AVE",37201,2025,4
"920 OAKWELL FARMS LN",37076,2025,2
"3389 MIMOSA DR",37211,2025,19
"2727 MCGAVOCK PIKE",37214,2025,3
"10 FAIRFIELD AVE",37210,2025,5
"5824 NOLENSVILLE PIKE",37211,2025,3
"441 TYLER DR",37076,2025,2
"3140 HAMILTON CHURCH RD",37013,2025,2
"50 AIRWAYS BLVD",37214,2025,3
"2823 MURFREESBORO PIKE",37013,2025,2
"200 JAMES ROBERTSON PKWY",37201,2025,38
"616 N DUPONT AVE",37115,2025,7
"2499 MURFREESBORO PIKE",37013,2025,3
"1902 DICKERSON PIKE",37207,2025,5
"505 CHURCH ST",37219,2025,2
"4199 NOLENSVILLE PIKE",37211,2025,2
"901 BRYAN ST",37138,2025,2
"623 UNION ST",37219,2025,2
"36 FAIRFIELD AVE",37210,2025,2
"301 28TH AVE N",37203,2025,7
"400 DR MARTIN L KING JR BLVD",37219,2025,44
"1613 DORCHESTER AVE",37216,2025,2
"639 LAFAYETTE ST",37203,2025,24
"9TH AVE N & BROADWAY",37203,2025,2
"2801 JOHN A MERRITT BLVD",37209,2025,4
"433 GAY ST",37201,2025,7
"200 JAMES ROBERTSON PKWY",37201,2025,38
"331 PLUS PARK BLVD",37217,2025,11
"8200 MCCRORY LN",37221,2025,4
"5744 NOLENSVILLE PIKE",37211,2025,2
"LINCOLN ST & LAFAYETTE ST",37210,2025,4
"2634 MURFREESBORO PIKE",37217,2025,3
"5781 OLD HICKORY BLVD",37076,2025,2
"705 DREXEL ST",37203,2025,9
"121 4TH AVE S",37203,2025,8
"107 4TH AVE N",37203,2025,3
"1745 DR D B TODD JR BLVD",37208,2025,4
"2221 ELLISTON PL",37203,2025,2
"2221 ELLISTON PL",37203,2025,2
"1601 ANTIOCH PIKE",37013,2025,2
"255 OLD HICKORY BLVD",37221,2025,2
"221 BROADWAY",37201,2025,8
"5161 RICE RD",37013,2025,2
"115 2ND AVE N",37201,2025,2
"2802 NOLENSVILLE PIKE",37210,2025,15
"365 RIO VISTA DR",37115,2025,16
"660 BELL RD",37013,2025,2
"245 NEELYS BEND RD",37115,2025,2
"2800 OPRYLAND DR",37214,2025,4
"5800 MAUDINA AVE",37209,2025,4
"2706 GLENROSE AVE",37210,2025,3
"SHELBY ST PEDESTRIAN BRIDGE",37201,2025,3
"123 2ND AVE S",37201,2025,9
"420 METROPLEX DR",37211,2025,10
"97 WALLACE RD",37211,2025,14
"365 WHITE BRIDGE PIKE",37209,2025,2
"1702 WEST END AVE",37203,2025,2
"600 ROTHWOOD AVE",37115,2025,2
"433 GAY ST",37201,2025,7
"9TH AVE N & BROADWAY",37203,2025,2
"400 DR MARTIN L KING JR BLVD",37219,2025,44
"402 22ND AVE N",37203,2025,3
"4040 NOLENSVILLE PIKE",37211,2025,4
"400 DR MARTIN L KING JR BLVD",37219,2025,44
"1111 BELL RD",37013,2025,6
"7720 GREENBRIER RD",37080,2025,3
"37 LEWIS ST",37210,2025,2
"505 CHURCH ST",37219,2025,2
"410 REP JOHN LEWIS WAY S",37203,2025,2
"3110 NOLENSVILLE PIKE",37211,2025,5
"420 MURFREESBORO PIKE",37210,2025,7
"227 SHELBY AVE",37213,2025,6
"3020 FERNBROOK LN",37214,2025,2
"713 28TH AVE N",37208,2025,2
"3130 CLARKSVILLE PIKE",37218,2025,3
"1210 MURFREESBORO PIKE",37217,2025,6
"1101 EDGEHILL AVE",37203,2025,4
"1101 EDGEHILL AVE",37203,2025,4
"355 E CEDAR ST",37072,2025,3
"717 SPENCE LN",37217,2025,11
"4154 LEBANON PIKE",37076,2025,2
"4144 LEBANON PIKE",37076,2025,2
"420 METROPLEX DR",37211,2025,10
"204 RANDY RD",37115,2025,2
"7720 GREENBRIER RD",37080,2025,3
"2521 CLARKSVILLE PIKE",37208,2025,3
"110 NORTHGATE DR",37072,2025,4
"929 AIRPORT SERVICE RD",37214,2025,5
"204 RANDY RD",37115,2025,2
"NAVAL HILL SHELTER 2",37206,2025,2
"105 OAK VALLEY DR",37207,2025,6
"305 BROADWAY",37201,2025,2
"831 GLASTONBURY RD",37217,2025,5
"227 SHELBY AVE",37213,2025,6
"637 SYLVAN ST",37206,2025,2
"3445 PERCY PRIEST DR",37214,2025,2
"1341 LEWIS ST",37210,2025,2
"10 FAIRFIELD AVE",37210,2025,5
"1716 ROSA L PARKS BLVD",37208,2025,11
"2200 BRICK CHURCH PIKE",37207,2025,10
"10 PUBLIC SQ",37201,2025,3
"709 REP JOHN LEWIS WAY S",37203,2025,15
"1310 ANTIOCH PIKE",37211,2025,3
"2114 BURNS ST",37216,2025,3
"5003 LINBAR DR",37211,2025,2
"420 METROPLEX DR",37211,2025,10
"1716 ROSA L PARKS BLVD",37208,2025,11
"591 N DUPONT AVE",37115,2025,12
"117 CHARLES E DAVIS BLVD",37210,2025,3
"2011 8TH AVE S",37204,2025,2
"2136 CENTURY FARMS PKWY",37013,2025,2
"2706 GLENROSE AVE",37210,2025,3
"318 HARDING PL",37211,2025,3
"511 S 8TH ST",37206,2025,6
"100 CHIMNEYTOP DR",37013,2025,2
"1601 23RD AVE S",37212,2025,9
"100 WOODLAND ST",37213,2025,3
"2940 DICKERSON PIKE",37207,2025,3
"2634 MURFREESBORO PIKE",37217,2025,3
"1745 DR D B TODD JR BLVD",37208,2025,4
"1305 ANTIOCH PIKE",37211,2025,2
"4TH AVE N & DR MARTIN L KING JR BLVD",37219,2025,4
"4145 LEBANON PIKE",37076,2025,4
"250 REP JOHN LEWIS WAY S",37203,2025,2
"PERKINS ST & LEWIS ST",37210,2025,3
"4TH AVE N & DR MARTIN L KING JR BLVD",37219,2025,4
"331 HARDING PL",37211,2025,4
"1250 ROBINSON RD",37138,2025,2
"7250 WHITES CREEK PIKE",37080,2025,3
"1716 ROSA L PARKS BLVD",37208,2025,11
"311 RACHEL RD",37214,2025,6
"321 WALTON LN",37115,2025,3
"433 GAY ST",37201,2025,7
"645 DIVISION ST",37203,2025,2
"201 8TH AVE S",37203,2025,3
"50 AIRWAYS BLVD",37214,2025,3
"37 LEWIS ST",37210,2025,2
"3110 NOLENSVILLE PIKE",37211,2025,5
"301 DEMONBREUN ST",37201,2025,2
"201 8TH AVE S",37203,2025,3
"1516 GALLATIN PIKE S",37115,2025,2
"813 DICKERSON PIKE S",37072,2025,2
"893 MURFREESBORO PIKE",37217,2025,5
"341 MONACO DR",37076,2025,2
"307 BROADWAY",37201,2025,5
"PERKINS ST & LEWIS ST",37210,2025,3
"2ND AVE S & LAFAYETTE ST",37210,2025,2
"305 W TRINITY LN",37207,2025,3
"2514 JEFFERSON ST",37208,2025,3
"2200 BRICK CHURCH PIKE",37207,2025,10
"1271 ANTIOCH PIKE",37211,2025,4
"420 MURFREESBORO PIKE",37210,2025,7
"425 REP JOHN LEWIS WAY S",37203,2025,4
"425 REP JOHN LEWIS WAY S",37203,2025,4
"714 DUE WEST AVE N",37115,2025,2
"2945 BRICK CHURCH PIKE",37207,2025,4
"4145 LEBANON PIKE",37076,2025,4
"1716 ROSA L PARKS BLVD",37208,2025,11
"3389 MIMOSA DR",37211,2025,19
"36 FAIRFIELD AVE",37210,2025,2
"400 DR MARTIN L KING JR BLVD",37219,2025,44
"717 SPENCE LN",37217,2025,11
"1612 14TH AVE N",37208,2025,2
"709 REP JOHN LEWIS WAY S",37203,2025,15
"1501 DEMONBREUN ST",37203,2025,4
"2114 BURNS ST",37216,2025,3
"391 WALLACE RD",37211,2025,5
"639 LAFAYETTE ST",37203,2025,24
"830 GLASTONBURY RD",37217,2025,3
"1415 DICKERSON PIKE",37207,2025,3
"5744 NOLENSVILLE PIKE",37211,2025,2
"2258 LEBANON PIKE",37214,2025,3
"4442 LEBANON PIKE",37076,2025,2
"901 BRYAN ST",37138,2025,2
"7679 HIGHWAY 70 S",37221,2025,2
"2200 BRICK CHURCH PIKE",37207,2025,10
"10 FAIRFIELD AVE",37210,2025,5
"935 ALLEN RD",37214,2025,2
"340 HARDING PL",37211,2025,6
"221 BROADWAY",37201,2025,8
"2ND AVE N & BROADWAY",37201,2025,2
"3389 MIMOSA DR",37211,2025,19
"118 CHARLES E DAVIS BLVD",37210,2025,2
"205 MILLWOOD DR",37217,2025,2
"111 4TH AVE S",37203,2025,2
"100 CURTIS HOLLOW RD",37013,2025,3
"311 RACHEL RD",37214,2025,6
"200 JAMES ROBERTSON PKWY",37201,2025,38
"100 ROBERT CARTWRIGHT DR",37072,2025,2
"3389 MIMOSA DR",37211,2025,19
"250 CUMBERLAND BND",37228,2025,11
"5242 EDMONDSON PIKE",37211,2025,3
"4199 NOLENSVILLE PIKE",37211,2025,2
"403 AMBERWOOD CIR",37221,2025,3
"631 DICKERSON PIKE",37207,2025,2
"403 AMBERWOOD CIR",37221,2025,3
"410 REP JOHN LEWIS WAY S",37203,2025,2
"317 BROADWAY",37201,2025,2
"95 WALLACE RD",37211,2025,3
"701 DICKERSON PIKE",37207,2025,3
"331 PLUS PARK BLVD",37217,2025,11
"900 DICKERSON PIKE",37207,2025,6
"2114 BURNS ST",37216,2025,3
"929 AIRPORT SERVICE RD",37214,2025,5
"1516 HAMPTON ST",37207,2025,2
"111 OLD HICKORY BLVD",37221,2025,2
"120 3RD AVE S",37201,2025,2
